{"x":8.582825,"y":53.5420155,"elevation":1.0734588656}
{"x":8.5810521,"y":53.5427855,"elevation":8.4215832455}
{"x":8.5900175,"y":53.5399048,"elevation":7.9225943968}
{"x":8.5906156,"y":53.5449348,"elevation":0.3903792114}
{"x":8.5852303,"y":53.5373288,"elevation":9.59840094}
{"x":8.583288,"y":53.5363,"elevation":7.0712415964}
{"x":8.5789093,"y":53.5375375,"elevation":2.3182514819}
{"x":8.5907927,"y":53.5439968,"elevation":1.7267616349}
{"x":8.588113,"y":53.5399047,"elevation":8.7929275083}
{"x":8.5799595,"y":53.5450237,"elevation":7.4977166232}
{"x":8.5790581,"y":53.5419304,"elevation":9.6502220826}
{"x":8.5783218,"y":53.5427021,"elevation":4.3490065918}
{"x":8.5824043,"y":53.5392554,"elevation":8.4985415209}
{"x":8.5829476,"y":53.5391686,"elevation":3.5041174819}
{"x":8.5812634,"y":53.5396883,"elevation":4.9796910632}
{"x":8.5771523,"y":53.5428994,"elevation":2.5823025652}
{"x":8.5790244,"y":53.5406922,"elevation":4.4793634377}
{"x":8.5804186,"y":53.5415195,"elevation":5.8932104731}
{"x":8.5900813,"y":53.5425426,"elevation":4.5880694915}
{"x":8.5909142,"y":53.5361091,"elevation":4.9752321197}
{"x":8.5764862,"y":53.5441987,"elevation":8.7509191709}
{"x":8.5765392,"y":53.5392329,"elevation":0.9825060232}
{"x":8.5814941,"y":53.5405036,"elevation":2.9739359724}
{"x":8.578422,"y":53.5395928,"elevation":5.9777991032}
{"x":8.5855184,"y":53.5412913,"elevation":8.3601926914}
{"x":8.5814771,"y":53.5443533,"elevation":4.2215892963}
{"x":8.5890053,"y":53.5404111,"elevation":0.3787316433}
{"x":8.582592,"y":53.5447937,"elevation":8.0520877382}
{"x":8.5835916,"y":53.53646,"elevation":4.2082085943}
{"x":8.5787543,"y":53.5412247,"elevation":1.9118172111}
{"x":8.5849304,"y":53.5377217,"elevation":2.3077093326}
{"x":8.5861203,"y":53.5373337,"elevation":2.4887401777}
{"x":8.5792097,"y":53.5447229,"elevation":3.1032533699}
{"x":8.5790868,"y":53.5417461,"elevation":0.2969492564}
{"x":8.5776382,"y":53.5426368,"elevation":2.5342585544}
{"x":8.5776679,"y":53.5426467,"elevation":4.8838031728}
{"x":8.5789264,"y":53.5384467,"elevation":4.9602475886}
{"x":8.5802663,"y":53.5415943,"elevation":3.7267069606}
{"x":8.5847652,"y":53.5440093,"elevation":0.6535840727}
{"x":8.5857761,"y":53.5433614,"elevation":2.6739521083}
{"x":8.5888992,"y":53.5368928,"elevation":9.9324057207}
{"x":8.5850654,"y":53.5406403,"elevation":4.7702305047}
{"x":8.5852937,"y":53.5402915,"elevation":8.7743603416}
{"x":8.5862746,"y":53.5420294,"elevation":3.0167292902}
