{"x":8.5809566,"y":53.5400244,"elevation":6.7799311489}
{"x":8.5852303,"y":53.5373288,"elevation":4.8811041819}
{"x":8.5769992,"y":53.5395173,"elevation":7.4489946545}
{"x":8.5897771,"y":53.541769,"elevation":2.731853538}
{"x":8.5763484,"y":53.5440626,"elevation":4.0795059607}
{"x":8.5859828,"y":53.5360908,"elevation":6.8849673263}
{"x":8.5863937,"y":53.536592,"elevation":8.9758454161}
{"x":8.5803223,"y":53.5388527,"elevation":3.2843948653}
{"x":8.5866643,"y":53.5379548,"elevation":0.601958588}
{"x":8.5800994,"y":53.5423705,"elevation":2.0143342511}
{"x":8.5907187,"y":53.5424647,"elevation":8.0551444559}
{"x":8.5764862,"y":53.5441987,"elevation":4.5967379346}
{"x":8.5763392,"y":53.5443541,"elevation":2.7529213206}
{"x":8.5825613,"y":53.5432937,"elevation":6.8220495066}
{"x":8.579585,"y":53.5442519,"elevation":7.8107602692}
{"x":8.5761528,"y":53.5449137,"elevation":8.0553995224}
{"x":8.5778771,"y":53.5402918,"elevation":9.0886761466}
{"x":8.5855184,"y":53.5412913,"elevation":6.564375546}
{"x":8.5867116,"y":53.5421174,"elevation":0.8495336377}
{"x":8.5763178,"y":53.543272,"elevation":0.5453190847}
{"x":8.5769092,"y":53.5398506,"elevation":7.0704710123}
{"x":8.5861203,"y":53.5373337,"elevation":1.307477184}
{"x":8.5802637,"y":53.5414762,"elevation":9.4979171161}
{"x":8.5801826,"y":53.5415678,"elevation":0.544061275}
{"x":8.5790971,"y":53.5417356,"elevation":5.1517711156}
{"x":8.5773476,"y":53.5433513,"elevation":0.982789309}
{"x":8.586352,"y":53.5371842,"elevation":3.120070475}
{"x":8.5842732,"y":53.5411431,"elevation":2.735757752}
{"x":8.5863469,"y":53.539683,"elevation":5.5534303064}
{"x":8.5847652,"y":53.5440093,"elevation":5.4569100258}
{"x":8.5910731,"y":53.5434659,"elevation":7.52449379}
{"x":8.5845137,"y":53.5378001,"elevation":8.5908618581}
{"x":8.5896888,"y":53.5409601,"elevation":8.2839738127}
{"x":8.5896175,"y":53.5374641,"elevation":6.7470926077}
{"x":8.5785466,"y":53.5377029,"elevation":8.2434665769}
{"x":8.5808776,"y":53.5429646,"elevation":2.7933835984}
{"x":8.5800622,"y":53.5390158,"elevation":7.5901691375}
{"x":8.5762504,"y":53.5433298,"elevation":5.9677263312}
