{"Point 1": {"Latitude": 53.53968753, "Longitude": 8.58281}, "Point 2": {"Latitude": 53.5393291, "Longitude": 8.5831758}, "Point 3": {"Latitude": 53.5399098, "Longitude": 8.5841452}, "Point 4": {"Latitude": 53.5401415, "Longitude": 8.5844989}, "Point 5": {"Latitude": 53.540375, "Longitude": 8.5848405}, "Point 6": {"Latitude": 53.5405177, "Longitude": 8.584982}, "Point 7": {"Latitude": 53.5406403, "Longitude": 8.5850654}, "Point 8": {"Latitude": 53.540969, "Longitude": 8.5852917}}